Node_ID,X,Y,Z,Head,Velocity_X,Velocity_Y,Darcy_Flux_X,Darcy_Flux_Y,Hydraulic_Gradient
0,0.0,0.0,0.0,10.0,1.4285714285714111e-05,1.057355261547768e-20,4.9999999999999386e-06,3.700743415417188e-21,0.04999999999999938
1,5.0,0.0,0.0,9.750000000000002,1.4285714285714174e-05,3.275767182750405e-20,4.999999999999961e-06,1.1465185139626416e-20,0.04999999999999961
2,10.0,0.0,0.0,9.500000000000004,1.4285714285714285e-05,1.8313930346510138e-20,4.9999999999999996e-06,6.4098756212785474e-21,0.04999999999999998
3,15.0,0.0,0.0,9.250000000000004,1.4285714285714235e-05,3.870188865516228e-21,4.999999999999982e-06,1.3545661029306797e-21,0.04999999999999983
4,20.0,0.0,0.0,9.000000000000005,1.4285714285714213e-05,-3.120215085589754e-20,4.999999999999974e-06,-1.092075279956414e-20,0.049999999999999725
5,25.0,0.0,0.0,8.750000000000005,1.4285714285714094e-05,-6.943638572171626e-20,4.999999999999933e-06,-2.430273500260069e-20,0.04999999999999931
6,30.0,0.0,0.0,8.500000000000012,1.4285714285713906e-05,-1.0006917638588637e-19,4.999999999999867e-06,-3.502421173506023e-20,0.04999999999999865
7,35.0,0.0,0.0,8.25000000000002,1.428571428571403e-05,3.0114283673634626e-20,4.99999999999991e-06,1.0539999285772119e-20,0.049999999999999115
8,40.0,0.0,0.0,8.000000000000021,1.4285714285714211e-05,-2.3790493384824773e-20,4.999999999999973e-06,-8.32667268468867e-21,0.04999999999999973
9,45.0,0.0,0.0,7.75000000000002,1.4285714285714267e-05,-8.633372862600377e-20,4.999999999999993e-06,-3.021680501910132e-20,0.04999999999999991
10,50.0,0.0,0.0,7.500000000000021,1.4285714285714382e-05,-4.125719648083975e-20,5.0000000000000334e-06,-1.444001876829391e-20,0.05000000000000032
11,55.0,0.0,0.0,7.250000000000017,1.4285714285714387e-05,-7.259828086612116e-20,5.000000000000035e-06,-2.5409398303142407e-20,0.05000000000000034
12,60.0,0.0,0.0,7.000000000000019,1.4285714285714284e-05,3.5401059981373475e-20,4.999999999999999e-06,1.2390370993480715e-20,0.04999999999999999
13,65.0,0.0,0.0,6.750000000000018,1.4285714285714351e-05,-3.161895144404923e-21,5.0000000000000224e-06,-1.106663300541723e-21,0.05000000000000021
14,70.0,0.0,0.0,6.500000000000015,1.4285714285714482e-05,1.9730517788732762e-20,5.000000000000068e-06,6.905681226056467e-21,0.050000000000000676
15,75.0,0.0,0.0,6.250000000000011,1.4285714285714433e-05,5.805283298274339e-21,5.000000000000051e-06,2.0318491543960187e-21,0.050000000000000495
16,80.0,0.0,0.0,6.000000000000009,1.4285714285714287e-05,-1.5152035202105206e-20,5e-06,-5.303212320736822e-21,0.049999999999999996
17,85.0,0.0,0.0,5.75000000000001,1.4285714285714335e-05,1.656862264432784e-20,5.0000000000000165e-06,5.7990179255147435e-21,0.05000000000000017
18,90.0,0.0,0.0,5.500000000000008,1.4285714285714433e-05,3.700743415417189e-20,5.000000000000051e-06,1.295260195396016e-20,0.050000000000000495
19,95.0,0.0,0.0,5.250000000000004,1.4285714285714512e-05,3.3516818749807306e-21,5.000000000000079e-06,1.1730886562432556e-21,0.05000000000000079
20,100.0,0.0,0.0,5.0,1.428571428571455e-05,-6.703363749961447e-21,5.000000000000092e-06,-2.3461773124865063e-21,0.05000000000000092
21,0.0,5.0,0.0,10.0,1.4285714285714118e-05,1.4165874422226151e-21,4.999999999999941e-06,4.958056047779152e-22,0.04999999999999942
22,5.0,5.0,0.0,9.750000000000002,1.4285714285714167e-05,1.935094432758113e-21,4.999999999999958e-06,6.772830514653395e-22,0.04999999999999957
23,10.0,5.0,0.0,9.500000000000004,1.4285714285714218e-05,-1.5341821932681022e-20,4.999999999999976e-06,-5.369637676438357e-21,0.049999999999999746
24,15.0,5.0,0.0,9.250000000000004,1.4285714285714208e-05,-1.0006917638588634e-19,4.9999999999999725e-06,-3.502421173506022e-20,0.049999999999999704
25,20.0,5.0,0.0,9.000000000000005,1.4285714285714189e-05,-7.710729668805675e-20,4.999999999999966e-06,-2.6987553840819864e-20,0.04999999999999965
26,25.0,5.0,0.0,8.750000000000007,1.4285714285714021e-05,-1.0361064499144288e-19,4.999999999999907e-06,-3.6263725747005003e-20,0.04999999999999906
27,30.0,5.0,0.0,8.500000000000014,1.428571428571398e-05,1.0573552615477685e-20,4.999999999999893e-06,3.7007434154171894e-21,0.04999999999999893
28,35.0,5.0,0.0,8.250000000000018,1.4285714285714064e-05,9.655313438092577e-20,4.999999999999922e-06,3.3793597033324015e-20,0.04999999999999921
29,40.0,5.0,0.0,8.000000000000021,1.4285714285714104e-05,2.907726969256362e-20,4.999999999999936e-06,1.0177044392397267e-20,0.04999999999999936
30,45.0,5.0,0.0,7.750000000000023,1.4285714285714246e-05,1.9117117432909317e-20,4.999999999999986e-06,6.6909911015182605e-21,0.04999999999999986
31,50.0,5.0,0.0,7.500000000000021,1.4285714285714363e-05,1.224939355296803e-20,5.000000000000027e-06,4.28728774353881e-21,0.050000000000000266
32,55.0,5.0,0.0,7.25000000000002,1.4285714285714355e-05,8.474098052739723e-21,5.000000000000024e-06,2.965934318458903e-21,0.05000000000000024
33,60.0,5.0,0.0,7.000000000000018,1.4285714285714279e-05,3.691254078888397e-20,4.999999999999997e-06,1.2919389276109389e-20,0.04999999999999997
34,65.0,5.0,0.0,6.750000000000018,1.4285714285714331e-05,-2.105221186566746e-20,5.000000000000016e-06,-7.368274152983611e-21,0.05000000000000015
35,70.0,5.0,0.0,6.500000000000015,1.4285714285714487e-05,-5.754113902930388e-20,5.00000000000007e-06,-2.0139398660256356e-20,0.05000000000000069
36,75.0,5.0,0.0,6.25000000000001,1.4285714285714445e-05,-6.13164345295322e-20,5.0000000000000555e-06,-2.146075208533627e-20,0.050000000000000544
37,80.0,5.0,0.0,6.00000000000001,1.4285714285714287e-05,-2.449878710593609e-20,5e-06,-8.574575487077631e-21,0.05000000000000001
38,85.0,5.0,0.0,5.750000000000009,1.4285714285714335e-05,-2.237390594260218e-20,5.0000000000000165e-06,-7.830867079910763e-21,0.05000000000000016
39,90.0,5.0,0.0,5.500000000000007,1.4285714285714409e-05,1.8313930346510116e-20,5.000000000000043e-06,6.40987562127854e-21,0.050000000000000426
40,95.0,5.0,0.0,5.250000000000004,1.4285714285714482e-05,-2.2892412933137555e-21,5.000000000000068e-06,-8.012344526598144e-22,0.050000000000000676
41,100.0,5.0,0.0,5.0,1.4285714285714528e-05,-1.3216940769347097e-20,5.000000000000084e-06,-4.625929269271484e-21,0.050000000000000856
42,0.0,10.0,0.0,10.0,1.4285714285714143e-05,0.0,4.99999999999995e-06,0.0,0.04999999999999949
43,5.0,10.0,0.0,9.750000000000002,1.4285714285714162e-05,-3.507233972141377e-20,4.999999999999956e-06,-1.227531890249482e-20,0.04999999999999956
44,10.0,10.0,0.0,9.500000000000004,1.4285714285714135e-05,-1.0502723243366548e-19,4.999999999999947e-06,-3.6759531351782915e-20,0.049999999999999455
45,15.0,10.0,0.0,9.250000000000007,1.4285714285714169e-05,-1.261743376646209e-19,4.999999999999959e-06,-4.416101818261731e-20,0.04999999999999957
46,20.0,10.0,0.0,9.000000000000007,1.428571428571416e-05,-1.2671827125575236e-19,4.9999999999999555e-06,-4.435139493951332e-20,0.049999999999999545
47,25.0,10.0,0.0,8.75000000000001,1.4285714285714106e-05,-1.4139583963141798e-19,4.999999999999937e-06,-4.948854387099629e-20,0.04999999999999937
48,30.0,10.0,0.0,8.500000000000012,1.4285714285714126e-05,4.597461259685115e-20,4.999999999999944e-06,1.6091114408897902e-20,0.049999999999999434
49,35.0,10.0,0.0,8.250000000000014,1.4285714285714031e-05,4.467834512051239e-20,4.999999999999911e-06,1.5637420792179334e-20,0.04999999999999911
50,40.0,10.0,0.0,8.000000000000021,1.4285714285714089e-05,4.809949376018507e-20,4.999999999999931e-06,1.6834822816064773e-20,0.0499999999999993
51,45.0,10.0,0.0,7.750000000000021,1.4285714285714287e-05,7.004978607753965e-20,5e-06,2.4517425127138876e-20,0.04999999999999999
52,50.0,10.0,0.0,7.50000000000002,1.4285714285714368e-05,9.145614480376273e-20,5.000000000000028e-06,3.200965068131695e-20,0.05000000000000028
53,55.0,10.0,0.0,7.250000000000018,1.4285714285714346e-05,5.251361621683276e-20,5.000000000000021e-06,1.8379765675891464e-20,0.0500000000000002
54,60.0,10.0,0.0,7.000000000000017,1.4285714285714267e-05,-1.9730517788732747e-20,4.999999999999993e-06,-6.905681226056461e-21,0.04999999999999991
55,65.0,10.0,0.0,6.750000000000018,1.4285714285714309e-05,-4.493759861578016e-20,5.000000000000008e-06,-1.5728159515523055e-20,0.050000000000000065
56,70.0,10.0,0.0,6.500000000000017,1.4285714285714431e-05,-3.781062124057108e-20,5.00000000000005e-06,-1.3233717434199877e-20,0.050000000000000495
57,75.0,10.0,0.0,6.250000000000012,1.4285714285714479e-05,-1.0245331104448804e-19,5.000000000000067e-06,-3.585865886557081e-20,0.05000000000000066
58,80.0,10.0,0.0,6.000000000000009,1.4285714285714336e-05,-1.3571087629902765e-20,5.000000000000017e-06,-4.749880670465967e-21,0.05000000000000018
59,85.0,10.0,0.0,5.750000000000011,1.428571428571433e-05,3.110725749060965e-20,5.000000000000015e-06,1.0887540121713378e-20,0.05000000000000015
60,90.0,10.0,0.0,5.500000000000007,1.4285714285714445e-05,2.669313503396196e-20,5.0000000000000555e-06,9.342597261886686e-21,0.05000000000000056
61,95.0,10.0,0.0,5.250000000000004,1.4285714285714489e-05,-1.9022224067621448e-20,5.000000000000071e-06,-6.657778423667506e-21,0.050000000000000704
62,100.0,10.0,0.0,5.0,1.4285714285714546e-05,-5.995070028850149e-21,5.000000000000091e-06,-2.0982745100975518e-21,0.05000000000000091
63,0.0,15.0,0.0,10.0,1.4285714285714148e-05,-3.842402159639451e-20,4.999999999999951e-06,-1.3448407558738077e-20,0.04999999999999952
64,5.0,15.0,0.0,9.750000000000002,1.4285714285714099e-05,-1.1418419760692059e-19,4.999999999999934e-06,-3.99644691624222e-20,0.049999999999999344
65,10.0,15.0,0.0,9.500000000000007,1.4285714285714131e-05,-1.2404945650128695e-19,4.999999999999945e-06,-4.3417309775450434e-20,0.049999999999999434
66,15.0,15.0,0.0,9.250000000000009,1.4285714285714216e-05,-5.2159469356277117e-20,4.999999999999975e-06,-1.825581427469699e-20,0.04999999999999972
67,20.0,15.0,0.0,9.00000000000001,1.4285714285714135e-05,-7.814431066912777e-20,4.999999999999947e-06,-2.7350508734194717e-20,0.04999999999999946
68,25.0,15.0,0.0,8.750000000000014,1.4285714285714185e-05,-1.0177044392397269e-19,4.999999999999965e-06,-3.561965537339044e-20,0.049999999999999635
69,30.0,15.0,0.0,8.500000000000012,1.4285714285714172e-05,-1.6308687845350485e-19,4.99999999999996e-06,-5.70804074587267e-20,0.04999999999999959
70,35.0,15.0,0.0,8.250000000000018,1.4285714285714116e-05,-1.3514151610730013e-19,4.99999999999994e-06,-4.729953063755504e-20,0.04999999999999939
71,40.0,15.0,0.0,8.00000000000002,1.4285714285714211e-05,5.345573683261584e-20,4.999999999999973e-06,1.8709507891415542e-20,0.049999999999999746
72,45.0,15.0,0.0,7.750000000000021,1.4285714285714358e-05,9.39351728276523e-20,5.000000000000025e-06,3.28773104896783e-20,0.050000000000000246
73,50.0,15.0,0.0,7.500000000000018,1.4285714285714392e-05,1.3233376782345083e-19,5.000000000000037e-06,4.631681873820779e-20,0.050000000000000364
74,55.0,15.0,0.0,7.250000000000018,1.428571428571425e-05,2.475804060120384e-20,4.999999999999987e-06,8.665314210421343e-21,0.04999999999999986
75,60.0,15.0,0.0,7.0000000000000195,1.4285714285714268e-05,-8.175524603937623e-20,4.999999999999994e-06,-2.861433611378168e-20,0.049999999999999954
76,65.0,15.0,0.0,6.750000000000018,1.4285714285714394e-05,-7.014467944282759e-20,5.000000000000038e-06,-2.4550637804989654e-20,0.05000000000000037
77,70.0,15.0,0.0,6.500000000000015,1.4285714285714409e-05,-7.965579147663831e-20,5.000000000000043e-06,-2.787952701682341e-20,0.05000000000000041
78,75.0,15.0,0.0,6.250000000000014,1.42857142857145e-05,-5.435381728430296e-20,5.000000000000075e-06,-1.9023836049506033e-20,0.05000000000000076
79,80.0,15.0,0.0,6.000000000000009,1.4285714285714462e-05,4.422930489466884e-20,5.000000000000061e-06,1.5480256713134093e-20,0.05000000000000061
80,85.0,15.0,0.0,5.750000000000007,1.4285714285714363e-05,1.0889742129918174e-19,5.000000000000027e-06,3.811409745471361e-20,0.050000000000000266
81,90.0,15.0,0.0,5.500000000000006,1.4285714285714404e-05,1.0096725683757349e-19,5.000000000000041e-06,3.533853989315072e-20,0.05000000000000041
82,95.0,15.0,0.0,5.250000000000004,1.4285714285714477e-05,3.1107257490609656e-20,5.0000000000000665e-06,1.0887540121713379e-20,0.05000000000000066
83,100.0,15.0,0.0,5.0,1.4285714285714534e-05,1.321694076934712e-20,5.000000000000087e-06,4.6259292692714914e-21,0.05000000000000086
84,0.0,20.0,0.0,10.0,1.4285714285714055e-05,-3.172065784643306e-20,4.999999999999919e-06,-1.110223024625157e-20,0.04999999999999918
85,5.0,20.0,0.0,9.750000000000005,1.4285714285714082e-05,-3.4174259269726706e-20,4.999999999999928e-06,-1.1960990744404346e-20,0.049999999999999274
86,10.0,20.0,0.0,9.500000000000007,1.4285714285714155e-05,6.976510598167593e-20,4.999999999999954e-06,2.4417787093586574e-20,0.04999999999999954
87,15.0,20.0,0.0,9.250000000000009,1.4285714285714152e-05,1.1990140057700297e-20,4.999999999999953e-06,4.1965490201951036e-21,0.049999999999999524
88,20.0,20.0,0.0,9.00000000000001,1.4285714285714118e-05,-4.5905145832159187e-20,4.999999999999941e-06,-1.6066801041255714e-20,0.049999999999999406
89,25.0,20.0,0.0,8.750000000000014,1.4285714285714087e-05,-8.468331428910931e-20,4.99999999999993e-06,-2.963916000118826e-20,0.049999999999999295
90,30.0,20.0,0.0,8.50000000000002,1.42857142857141e-05,-1.8201420915583844e-19,4.999999999999935e-06,-6.370497320454345e-20,0.04999999999999932
91,35.0,20.0,0.0,8.250000000000021,1.4285714285714274e-05,-9.409953295763218e-20,4.999999999999995e-06,-3.293483653517126e-20,0.049999999999999954
92,40.0,20.0,0.0,8.000000000000018,1.4285714285714382e-05,2.256369267317797e-20,5.0000000000000334e-06,7.897292435612289e-21,0.050000000000000336
93,45.0,20.0,0.0,7.750000000000018,1.4285714285714421e-05,1.5454331363607318e-19,5.000000000000047e-06,5.409015977262561e-20,0.05000000000000046
94,50.0,20.0,0.0,7.500000000000014,1.4285714285714343e-05,1.5296236606387074e-19,5.00000000000002e-06,5.353682812235475e-20,0.05000000000000019
95,55.0,20.0,0.0,7.250000000000016,1.4285714285714126e-05,8.123673904884074e-20,4.999999999999944e-06,2.8432858667094256e-20,0.04999999999999945
96,60.0,20.0,0.0,7.000000000000021,1.4285714285714213e-05,4.545610560631564e-20,4.999999999999974e-06,1.5909636962210473e-20,0.04999999999999974
97,65.0,20.0,0.0,6.750000000000019,1.4285714285714372e-05,-2.440389374064819e-20,5.00000000000003e-06,-8.541362809226866e-21,0.05000000000000031
98,70.0,20.0,0.0,6.500000000000019,1.4285714285714436e-05,-1.0668445980765555e-20,5.000000000000052e-06,-3.733956093267944e-21,0.0500000000000005
99,75.0,20.0,0.0,6.250000000000014,1.4285714285714572e-05,2.8723122832007995e-20,5.0000000000000995e-06,1.0053092991202798e-20,0.05000000000000099
100,80.0,20.0,0.0,6.000000000000007,1.42857142857145e-05,1.1022592841321244e-20,5.000000000000075e-06,3.857907494462435e-21,0.05000000000000076
101,85.0,20.0,0.0,5.750000000000006,1.428571428571441e-05,4.793513363020522e-20,5.000000000000044e-06,1.6777296770571825e-20,0.05000000000000042
102,90.0,20.0,0.0,5.5000000000000036,1.4285714285714397e-05,1.0025896311646217e-19,5.0000000000000385e-06,3.5090637090761756e-20,0.05000000000000037
103,95.0,20.0,0.0,5.250000000000003,1.4285714285714402e-05,3.1202150855897567e-20,5.00000000000004e-06,1.0920752799564147e-20,0.05000000000000039
104,100.0,20.0,0.0,5.0,1.4285714285714455e-05,1.5152035202105224e-20,5.000000000000059e-06,5.3032123207368285e-21,0.05000000000000059
105,0.0,25.0,0.0,10.0,1.4285714285714067e-05,2.0110091249884368e-20,4.999999999999923e-06,7.038531937459529e-21,0.04999999999999922
106,5.0,25.0,0.0,9.750000000000004,1.4285714285714128e-05,9.549069379925885e-20,4.9999999999999445e-06,3.3421742829740597e-20,0.04999999999999945
107,10.0,25.0,0.0,9.500000000000004,1.4285714285714104e-05,3.700743415417187e-20,4.999999999999936e-06,1.2952601953960153e-20,0.04999999999999935
108,15.0,25.0,0.0,9.250000000000009,1.4285714285713992e-05,-7.40148683083438e-20,4.999999999999897e-06,-2.590520390792033e-20,0.04999999999999896
109,20.0,25.0,0.0,9.000000000000014,1.4285714285714033e-05,-1.9728656432382755e-19,4.9999999999999115e-06,-6.905029751333964e-20,0.04999999999999913
110,25.0,25.0,0.0,8.750000000000016,1.4285714285714089e-05,-2.290766889349525e-19,4.999999999999931e-06,-8.017684112723337e-20,0.04999999999999931
111,30.0,25.0,0.0,8.500000000000021,1.4285714285714165e-05,-4.161134334139538e-20,4.999999999999957e-06,-1.4563970169488382e-20,0.049999999999999566
112,35.0,25.0,0.0,8.250000000000021,1.428571428571433e-05,1.5411288697372967e-20,5.000000000000015e-06,5.393951044080538e-21,0.050000000000000155
113,40.0,25.0,0.0,8.00000000000002,1.4285714285714465e-05,-1.4538634846281797e-20,5.000000000000062e-06,-5.088522196198629e-21,0.050000000000000606
114,45.0,25.0,0.0,7.750000000000013,1.428571428571446e-05,-2.5112187461759423e-20,5.0000000000000605e-06,-8.789265611615798e-21,0.0500000000000006
115,50.0,25.0,0.0,7.5000000000000115,1.42857142857143e-05,-4.606950596213902e-20,5.000000000000005e-06,-1.6124327086748656e-20,0.05000000000000003
116,55.0,25.0,0.0,7.250000000000014,1.4285714285714128e-05,3.3301605418635506e-20,4.9999999999999445e-06,1.1655561896522427e-20,0.04999999999999945
117,60.0,25.0,0.0,7.000000000000018,1.4285714285714185e-05,1.4890239046777868e-19,4.999999999999965e-06,5.2115836663722537e-20,0.049999999999999656
118,65.0,25.0,0.0,6.750000000000019,1.4285714285714341e-05,1.3932181166927606e-19,5.000000000000019e-06,4.876263408424662e-20,0.0500000000000002
119,70.0,25.0,0.0,6.500000000000015,1.428571428571444e-05,1.3304206154456217e-19,5.000000000000054e-06,4.656472154059676e-20,0.05000000000000052
120,75.0,25.0,0.0,6.2500000000000115,1.4285714285714495e-05,4.987022806296334e-20,5.000000000000073e-06,1.7454579822037166e-20,0.05000000000000073
121,80.0,25.0,0.0,6.000000000000009,1.4285714285714472e-05,-1.5411288697372964e-20,5.000000000000065e-06,-5.393951044080537e-21,0.05000000000000064
122,85.0,25.0,0.0,5.750000000000005,1.4285714285714453e-05,-2.1406358726223118e-20,5.000000000000058e-06,-7.49222555417809e-21,0.050000000000000565
123,90.0,25.0,0.0,5.500000000000002,1.4285714285714392e-05,2.827408260616443e-20,5.000000000000037e-06,9.895928912157551e-21,0.050000000000000364
124,95.0,25.0,0.0,5.250000000000003,1.4285714285714341e-05,3.1720657846433064e-20,5.000000000000019e-06,1.1102230246251572e-20,0.05000000000000018
125,100.0,25.0,0.0,5.0,1.4285714285714387e-05,2.1855398952066686e-20,5.000000000000035e-06,7.64938963322334e-21,0.05000000000000036
126,0.0,30.0,0.0,10.0,1.4285714285714245e-05,1.1990140057700294e-20,4.999999999999985e-06,4.196549020195103e-21,0.04999999999999984
127,5.0,30.0,0.0,9.75,1.4285714285714104e-05,3.2757671827504024e-20,4.999999999999936e-06,1.1465185139626407e-20,0.04999999999999934
128,10.0,30.0,0.0,9.500000000000007,1.4285714285714026e-05,-5.196968262570129e-20,4.999999999999909e-06,-1.818938891899545e-20,0.04999999999999909
129,15.0,30.0,0.0,9.25000000000001,1.4285714285713948e-05,-5.957112682734985e-20,4.999999999999882e-06,-2.0849894389572446e-20,0.0499999999999988
130,20.0,30.0,0.0,9.00000000000002,1.4285714285713948e-05,-1.2907697931375805e-19,4.999999999999882e-06,-4.5176942759815314e-20,0.04999999999999882
131,25.0,30.0,0.0,8.750000000000025,1.4285714285714223e-05,-1.2527625721293366e-19,4.9999999999999775e-06,-4.3846690024526783e-20,0.04999999999999977
132,30.0,30.0,0.0,8.500000000000021,1.4285714285714348e-05,-9.675472163790436e-22,5.000000000000022e-06,-3.386415257326653e-22,0.05000000000000022
133,35.0,30.0,0.0,8.250000000000021,1.4285714285714353e-05,4.229421046191072e-20,5.000000000000023e-06,1.4802973661668752e-20,0.050000000000000246
134,40.0,30.0,0.0,8.00000000000002,1.4285714285714404e-05,-3.187321745000875e-21,5.000000000000041e-06,-1.1155626107503062e-21,0.05000000000000042
135,45.0,30.0,0.0,7.750000000000018,1.4285714285714406e-05,-1.1956586727994732e-19,5.000000000000042e-06,-4.184805354798156e-20,0.05000000000000041
136,50.0,30.0,0.0,7.500000000000016,1.428571428571438e-05,-1.35236409472588e-19,5.000000000000033e-06,-4.7332743315405796e-20,0.050000000000000336
137,55.0,30.0,0.0,7.250000000000014,1.4285714285714309e-05,1.7536169860706888e-20,5.000000000000008e-06,6.1376594512474105e-21,0.05000000000000007
138,60.0,30.0,0.0,7.000000000000015,1.4285714285714314e-05,1.4942089745831417e-19,5.00000000000001e-06,5.2297314110409954e-20,0.05000000000000008
139,65.0,30.0,0.0,6.7500000000000115,1.4285714285714343e-05,1.0660818000586793e-19,5.00000000000002e-06,3.7312863002053776e-20,0.0500000000000002
140,70.0,30.0,0.0,6.500000000000013,1.4285714285714358e-05,6.070303417370873e-20,5.000000000000025e-06,2.1246061960798053e-20,0.050000000000000246
141,75.0,30.0,0.0,6.2500000000000115,1.4285714285714453e-05,-3.2567885096928304e-21,5.000000000000058e-06,-1.1398759783924905e-21,0.050000000000000565
142,80.0,30.0,0.0,6.000000000000008,1.428571428571444e-05,-3.858838172637437e-20,5.000000000000054e-06,-1.3505933604231028e-20,0.05000000000000052
143,85.0,30.0,0.0,5.750000000000007,1.4285714285714457e-05,-3.73615810147275e-20,5.00000000000006e-06,-1.3076553355154625e-20,0.05000000000000059
144,90.0,30.0,0.0,5.500000000000003,1.4285714285714467e-05,-3.207480470698868e-20,5.000000000000063e-06,-1.1226181647446038e-20,0.05000000000000063
145,95.0,30.0,0.0,5.25,1.4285714285714363e-05,-1.67584093749039e-21,5.000000000000027e-06,-5.865443281216364e-22,0.05000000000000028
146,100.0,30.0,0.0,5.0,1.428571428571432e-05,1.0573552615477664e-20,5.000000000000011e-06,3.700743415417182e-21,0.05000000000000011
147,0.0,35.0,0.0,10.0,1.4285714285714179e-05,-3.700743415417188e-20,4.999999999999962e-06,-1.2952601953960156e-20,0.04999999999999962
148,5.0,35.0,0.0,9.750000000000002,1.4285714285714082e-05,-5.744624566401595e-20,4.999999999999928e-06,-2.010618598240558e-20,0.049999999999999274
149,10.0,35.0,0.0,9.500000000000007,1.428571428571405e-05,-4.8289280490760896e-20,4.999999999999917e-06,-1.6901248171766312e-20,0.04999999999999916
150,15.0,35.0,0.0,9.25000000000001,1.4285714285713952e-05,-4.687269304853828e-20,4.999999999999883e-06,-1.6405442566988397e-20,0.049999999999998816
151,20.0,35.0,0.0,9.00000000000002,1.4285714285713986e-05,-4.4904022584354985e-22,4.9999999999998945e-06,-1.5716407904524245e-22,0.049999999999998934
152,25.0,35.0,0.0,8.750000000000021,1.428571428571424e-05,3.559084671194931e-20,4.9999999999999835e-06,1.2456796349182258e-20,0.049999999999999836
153,30.0,35.0,0.0,8.500000000000021,1.4285714285714338e-05,1.9022224067621467e-20,5.000000000000018e-06,6.6577784236675124e-21,0.05000000000000018
154,35.0,35.0,0.0,8.25000000000002,1.4285714285714331e-05,-6.282791533704265e-20,5.000000000000016e-06,-2.1989770367964927e-20,0.050000000000000155
155,40.0,35.0,0.0,8.00000000000002,1.4285714285714363e-05,-1.3146111397235966e-19,5.000000000000027e-06,-4.601138989032588e-20,0.050000000000000266
156,45.0,35.0,0.0,7.750000000000019,1.4285714285714389e-05,-9.216443852487403e-20,5.000000000000036e-06,-3.225755348370591e-20,0.05000000000000035
157,50.0,35.0,0.0,7.500000000000018,1.4285714285714457e-05,-1.8693503807661758e-20,5.00000000000006e-06,-6.542726332681614e-21,0.0500000000000006
158,55.0,35.0,0.0,7.250000000000012,1.4285714285714431e-05,-2.3436346524269122e-20,5.00000000000005e-06,-8.202721283494192e-21,0.0500000000000005
159,60.0,35.0,0.0,7.0000000000000115,1.4285714285714263e-05,-4.1680810106087306e-20,4.999999999999992e-06,-1.4588283537130556e-20,0.04999999999999992
160,65.0,35.0,0.0,6.750000000000014,1.42857142857143e-05,-9.848822881368392e-20,5.000000000000005e-06,-3.447088008478937e-20,0.050000000000000044
161,70.0,35.0,0.0,6.500000000000012,1.4285714285714385e-05,-3.929667544748566e-20,5.000000000000034e-06,-1.375383640661998e-20,0.050000000000000364
162,75.0,35.0,0.0,6.250000000000011,1.428571428571438e-05,1.1186952971301092e-20,5.000000000000033e-06,3.915433539955382e-21,0.05000000000000032
163,80.0,35.0,0.0,6.000000000000011,1.4285714285714406e-05,-2.237390594260218e-20,5.000000000000042e-06,-7.830867079910763e-21,0.05000000000000041
164,85.0,35.0,0.0,5.750000000000006,1.4285714285714479e-05,-4.264835732246638e-20,5.000000000000067e-06,-1.4926925062863233e-20,0.05000000000000066
165,90.0,35.0,0.0,5.500000000000003,1.428571428571444e-05,-6.863319863531701e-20,5.000000000000054e-06,-2.4021619522360952e-20,0.05000000000000054
166,95.0,35.0,0.0,5.250000000000002,1.4285714285714382e-05,-5.0129481558231086e-20,5.0000000000000334e-06,-1.7545318545380878e-20,0.05000000000000033
167,100.0,35.0,0.0,5.0,1.428571428571438e-05,-1.0055045624942167e-20,5.000000000000033e-06,-3.519265968729758e-21,0.05000000000000031
168,0.0,40.0,0.0,10.0,1.4285714285714038e-05,-5.1830749096317405e-20,4.999999999999913e-06,-1.814076218371109e-20,0.04999999999999912
169,5.0,40.0,0.0,9.750000000000004,1.4285714285714026e-05,-1.1805438647243684e-19,4.999999999999909e-06,-4.131903526535289e-20,0.04999999999999908
170,10.0,40.0,0.0,9.500000000000009,1.4285714285713992e-05,-7.085297316393886e-20,4.999999999999897e-06,-2.47985406073786e-20,0.04999999999999896
171,15.0,40.0,0.0,9.250000000000014,1.4285714285713952e-05,-6.995489271225174e-20,4.999999999999883e-06,-2.4484212449288107e-20,0.04999999999999882
172,20.0,40.0,0.0,9.00000000000002,1.428571428571398e-05,-4.4324198259956745e-20,4.999999999999893e-06,-1.551346939098486e-20,0.04999999999999893
173,25.0,40.0,0.0,8.750000000000025,1.4285714285714184e-05,-3.52366998513936e-20,4.999999999999964e-06,-1.233284494798776e-20,0.049999999999999614
174,30.0,40.0,0.0,8.500000000000021,1.4285714285714252e-05,-4.5481532206911594e-20,4.999999999999988e-06,-1.5918536272419056e-20,0.049999999999999885
175,35.0,40.0,0.0,8.250000000000025,1.4285714285714194e-05,-1.7356553770369464e-19,4.999999999999967e-06,-6.074793819629312e-20,0.04999999999999966
176,40.0,40.0,0.0,8.000000000000025,1.4285714285714365e-05,-1.509323782658247e-19,5.0000000000000275e-06,-5.2826332393038644e-20,0.05000000000000027
177,45.0,40.0,0.0,7.75000000000002,1.4285714285714479e-05,-9.339123923652088e-20,5.000000000000067e-06,-3.2686933732782306e-20,0.05000000000000067
178,50.0,40.0,0.0,7.500000000000017,1.4285714285714431e-05,-6.037431391374905e-20,5.00000000000005e-06,-2.1131009869812168e-20,0.0500000000000005
179,55.0,40.0,0.0,7.250000000000015,1.4285714285714314e-05,-1.6379517217461615e-19,5.00000000000001e-06,-5.732831026111565e-20,0.05000000000000009
180,60.0,40.0,0.0,7.000000000000016,1.4285714285714253e-05,-1.571867017899426e-19,4.9999999999999886e-06,-5.50153456264799e-20,0.04999999999999989
181,65.0,40.0,0.0,6.750000000000015,1.4285714285714343e-05,-6.776054478422589e-20,5.00000000000002e-06,-2.371619067447906e-20,0.0500000000000002
182,70.0,40.0,0.0,6.500000000000012,1.4285714285714402e-05,-2.4852933966491738e-20,5.00000000000004e-06,-8.698526888272107e-21,0.05000000000000041
183,75.0,40.0,0.0,6.25000000000001,1.4285714285714346e-05,-7.670910966340522e-21,5.000000000000021e-06,-2.6848188382191823e-21,0.05000000000000022
184,80.0,40.0,0.0,6.000000000000009,1.4285714285714336e-05,-3.541468605556625e-22,5.000000000000017e-06,-1.2395140119448186e-22,0.05000000000000017
185,85.0,40.0,0.0,5.750000000000008,1.4285714285714397e-05,-1.8857863937641557e-20,5.0000000000000385e-06,-6.600252378174544e-21,0.05000000000000039
186,90.0,40.0,0.0,5.500000000000005,1.4285714285714436e-05,-4.4229304894668816e-20,5.000000000000052e-06,-1.5480256713134084e-20,0.05000000000000051
187,95.0,40.0,0.0,5.250000000000002,1.4285714285714404e-05,-9.960152259654292e-21,5.000000000000041e-06,-3.486053290879002e-21,0.05000000000000042
188,100.0,40.0,0.0,5.0,1.4285714285714387e-05,-1.0317481844931627e-36,5.000000000000035e-06,-3.6111186457260696e-37,0.05000000000000035
189,0.0,45.0,0.0,10.0,1.4285714285713884e-05,1.3027154038771304e-20,4.999999999999859e-06,4.559503913569956e-21,0.04999999999999859
190,5.0,45.0,0.0,9.750000000000007,1.428571428571399e-05,-3.101236412532173e-20,4.999999999999896e-06,-1.0854327443862605e-20,0.049999999999998955
191,10.0,45.0,0.0,9.500000000000009,1.4285714285714025e-05,-1.4165874422226067e-21,4.999999999999908e-06,-4.958056047779123e-22,0.049999999999999094
192,15.0,45.0,0.0,9.250000000000014,1.4285714285713936e-05,4.1585916740799437e-20,4.999999999999878e-06,1.4555070859279802e-20,0.049999999999998775
193,20.0,45.0,0.0,9.00000000000002,1.4285714285713957e-05,2.1248811633339223e-21,4.999999999999884e-06,7.437084071668727e-22,0.04999999999999884
194,25.0,45.0,0.0,8.750000000000023,1.4285714285714133e-05,-8.119951192184058e-21,4.999999999999946e-06,-2.84198291726442e-21,0.04999999999999945
195,30.0,45.0,0.0,8.500000000000023,1.4285714285714169e-05,-1.0396479185199854e-19,4.999999999999959e-06,-3.6387677148199484e-20,0.04999999999999958
196,35.0,45.0,0.0,8.250000000000027,1.4285714285714199e-05,-1.1286250352998586e-19,4.999999999999969e-06,-3.950187623549505e-20,0.049999999999999704
197,40.0,45.0,0.0,8.000000000000025,1.4285714285714423e-05,-4.3970051399401085e-20,5.000000000000048e-06,-1.5389517989790378e-20,0.05000000000000047
198,45.0,45.0,0.0,7.750000000000021,1.4285714285714436e-05,7.999631226300197e-21,5.000000000000052e-06,2.799870929205069e-21,0.050000000000000495
199,50.0,45.0,0.0,7.500000000000019,1.4285714285714302e-05,-1.0696232686642362e-19,5.0000000000000055e-06,-3.7436814403248263e-20,0.050000000000000065
200,55.0,45.0,0.0,7.250000000000019,1.4285714285714287e-05,-1.6344102531406046e-19,5e-06,-5.720435885992116e-20,0.049999999999999996
201,60.0,45.0,0.0,7.000000000000018,1.4285714285714335e-05,-5.799017925514741e-20,5.0000000000000165e-06,-2.029656273930159e-20,0.05000000000000016
202,65.0,45.0,0.0,6.750000000000016,1.4285714285714368e-05,-9.346751903830873e-21,5.000000000000028e-06,-3.2713631663408053e-21,0.05000000000000029
203,70.0,45.0,0.0,6.500000000000012,1.4285714285714389e-05,-9.013445072682806e-20,5.000000000000036e-06,-3.154705775438982e-20,0.05000000000000038
204,75.0,45.0,0.0,6.250000000000011,1.4285714285714372e-05,-1.1092740909722776e-19,5.00000000000003e-06,-3.882459318402972e-20,0.05000000000000028
205,80.0,45.0,0.0,6.00000000000001,1.4285714285714358e-05,-2.9267056423139435e-20,5.000000000000025e-06,-1.0243469748098801e-20,0.05000000000000025
206,85.0,45.0,0.0,5.750000000000007,1.4285714285714392e-05,1.0219405754922025e-20,5.000000000000037e-06,3.5767920142227084e-21,0.05000000000000038
207,90.0,45.0,0.0,5.500000000000005,1.4285714285714416e-05,1.9117117432909354e-20,5.000000000000045e-06,6.690991101518273e-21,0.05000000000000047
208,95.0,45.0,0.0,5.250000000000002,1.4285714285714421e-05,-1.2862793908791461e-20,5.000000000000047e-06,-4.501977868077011e-21,0.05000000000000047
209,100.0,45.0,0.0,5.0,1.4285714285714385e-05,-9.34675190383088e-21,5.000000000000034e-06,-3.271363166340808e-21,0.05000000000000035
210,0.0,50.0,0.0,10.0,1.4285714285713947e-05,7.401486830834377e-20,4.999999999999881e-06,2.5905203907920316e-20,0.0499999999999988
211,5.0,50.0,0.0,9.750000000000005,1.4285714285713992e-05,6.58949171161597e-20,4.999999999999897e-06,2.3063220990655897e-20,0.04999999999999897
212,10.0,50.0,0.0,9.500000000000009,1.428571428571407e-05,1.0953126076629305e-20,4.999999999999924e-06,3.8335941268202564e-21,0.049999999999999246
213,15.0,50.0,0.0,9.250000000000012,1.4285714285714021e-05,8.704202234711508e-20,4.999999999999907e-06,3.0464707821490274e-20,0.049999999999999066
214,20.0,50.0,0.0,9.000000000000018,1.4285714285713965e-05,6.58949171161597e-20,4.999999999999888e-06,2.3063220990655897e-20,0.04999999999999887
215,25.0,50.0,0.0,8.750000000000025,1.4285714285714067e-05,-6.098771426957249e-20,4.999999999999923e-06,-2.134569999435037e-20,0.04999999999999923
216,30.0,50.0,0.0,8.500000000000027,1.428571428571419e-05,-1.562886213382555e-19,4.9999999999999665e-06,-5.470101746838942e-20,0.04999999999999965
217,35.0,50.0,0.0,8.250000000000028,1.4285714285714253e-05,-1.0644381987588812e-19,4.9999999999999886e-06,-3.725533695656084e-20,0.04999999999999988
218,40.0,50.0,0.0,8.000000000000027,1.428571428571451e-05,-5.2159469356277117e-20,5.000000000000078e-06,-1.825581427469699e-20,0.05000000000000077
219,45.0,50.0,0.0,7.7500000000000195,1.4285714285714436e-05,3.204937810639274e-20,5.000000000000052e-06,1.1217282337237459e-20,0.05000000000000053
220,50.0,50.0,0.0,7.500000000000021,1.4285714285714235e-05,-1.01485763828109e-19,4.999999999999982e-06,-3.552001733983815e-20,0.049999999999999815
221,55.0,50.0,0.0,7.250000000000022,1.4285714285714335e-05,-1.3726639727063409e-19,5.0000000000000165e-06,-4.804323904472193e-20,0.050000000000000176
222,60.0,50.0,0.0,7.000000000000018,1.428571428571442e-05,-1.5341821932681022e-20,5.000000000000046e-06,-5.369637676438358e-21,0.05000000000000046
223,65.0,50.0,0.0,6.750000000000016,1.4285714285714358e-05,1.7453077021823057e-21,5.000000000000025e-06,6.108576957638069e-22,0.05000000000000024
224,70.0,50.0,0.0,6.500000000000016,1.4285714285714358e-05,-1.4326146729948422e-19,5.000000000000025e-06,-5.014151355481947e-20,0.05000000000000025
225,75.0,50.0,0.0,6.250000000000014,1.4285714285714443e-05,-2.0122621995403566e-19,5.000000000000055e-06,-7.042917698391247e-20,0.05000000000000056
226,80.0,50.0,0.0,6.000000000000009,1.4285714285714443e-05,-3.8424021596394493e-20,5.000000000000055e-06,-1.3448407558738071e-20,0.05000000000000055
227,85.0,50.0,0.0,5.750000000000007,1.4285714285714431e-05,-1.2318860317660002e-20,5.00000000000005e-06,-4.311601111181e-21,0.0500000000000005
228,90.0,50.0,0.0,5.500000000000004,1.4285714285714423e-05,1.2508647048235786e-20,5.000000000000048e-06,4.378026466882525e-21,0.050000000000000475
229,95.0,50.0,0.0,5.250000000000003,1.4285714285714431e-05,-3.681764742359609e-20,5.00000000000005e-06,-1.288617659825863e-20,0.05000000000000051
230,100.0,50.0,0.0,5.0,1.4285714285714433e-05,-2.785046898091682e-20,5.000000000000051e-06,-9.747664143320886e-21,0.05000000000000051
